token,normalized,family,status,deprecated_level,reserved,case_insensitive,context,has_block,block_open,block_close,block_middle,block_pair,io_class,side_effects,syntax_sample,arity_min,arity_max,help_md
ABS,ABS,FUNCTION,Public,None,true,true,EXPR,false,false,false,false,,NONE,NO,n=abs(n),1,1,true
ACH,ACH,FUNCTION,Public,None,true,true,EXPR,false,false,false,false,,NONE,NO,n=ach(n),1,1,true
ACOS,ACOS,FUNCTION,Public,None,true,true,EXPR,false,false,false,false,,NONE,NO,n=acos(n),1,1,true
ADDMONTH,ADDMONTH,FUNCTION,Public,None,true,true,EXPR,false,false,false,false,,NONE,NO,"d=addmonth(d,n)",2,2,true
ADXCIO,ADXCIO,FUNCTION,Internal,None,true,true,EXPR,false,false,false,false,,SYSTEM,NO,,,,false
ADXIOA,ADXIOA,FUNCTION,Internal,None,true,true,EXPR,false,false,false,false,,SYSTEM,NO,,,,false
ADXMAC,ADXMAC,FUNCTION,Public,None,true,true,EXPR,false,false,false,false,,SYSTEM,NO,s=adxmac(i),1,1,true
ADXNFS,ADXNFS,FUNCTION,Internal,None,true,true,EXPR,false,false,false,false,,SYSTEM,NO,,,,false
ADXPAM,ADXPAM,FUNCTION,Deprecated,Deprecated,true,true,EXPR,false,false,false,false,,SYSTEM,NO,,,,false
ADXPID,ADXPID,FUNCTION,Internal,None,true,true,EXPR,false,false,false,false,,SYSTEM,NO,,,,true
ADXPNO,ADXPNO,FUNCTION,Public,None,true,true,EXPR,false,false,false,false,,SYSTEM,NO,s=adxpno(i),1,1,true
ADXSEEK,ADXSEEK,FUNCTION,Public,None,true,true,EXPR,false,false,false,false,,SYSTEM,NO,i=adxseek(p),1,1,true
ADXTCP,ADXTCP,FUNCTION,Public,None,true,true,EXPR,false,false,false,false,,NETWORK,YES,i=adxtcp(),0,0,true
ADXTYP,ADXTYP,FUNCTION,Internal,None,true,true,EXPR,false,false,false,false,,SYSTEM,NO,i=adxtyp( ),0,0,false
ADXUID,ADXUID,FUNCTION,Public,None,true,true,EXPR,false,false,false,false,,SYSTEM,NO,i=adxiud(i),1,1,true
ALLOCGRP,ALLOCGRP,FUNCTION,New,None,true,true,EXPR,false,false,false,false,,NONE,NO,s=c.allocgrp,,,true
AND,AND,FUNCTION,Public,None,true,true,EXPR,false,false,false,false,,NONE,NO,l=n and n,,,true
ANP,ANP,FUNCTION,Public,None,true,true,EXPR,false,false,false,false,,NONE,NO,"i=anp(i,i)",2,2,true
AR2,AR2,FUNCTION,Public,None,true,true,EXPR,false,false,false,false,,NONE,NO,n=ar2(n),1,1,true
ARR,ARR,FUNCTION,Public,None,true,true,EXPR,false,false,false,false,,NONE,NO,"n=arr(n,n)",2,2,true
ASCII,ASCII,FUNCTION,Public,None,true,true,EXPR,false,false,false,false,,NONE,NO,i=ascii(s),1,1,true
ASH,ASH,FUNCTION,Public,None,true,true,EXPR,false,false,false,false,,NONE,NO,n=ash(n),1,1,true
ASIN,ASIN,FUNCTION,Public,None,true,true,EXPR,false,false,false,false,,NONE,NO,n=asin(n),1,1,true
ATAN,ATAN,FUNCTION,Public,None,true,true,EXPR,false,false,false,false,,NONE,NO,n=atan(n),1,1,true
ATAN2,ATAN2,FUNCTION,Public,None,true,true,EXPR,false,false,false,false,,NONE,NO,"n=atan2(n,n)",2,2,true
ATH,ATH,FUNCTION,Public,None,true,true,EXPR,false,false,false,false,,NONE,NO,n=ath(n),1,1,true
AVG,AVG,FUNCTION,Public,None,true,true,EXPR,false,false,false,false,,NONE,NO,n=avg(p),1,1,true
AWEEK,AWEEK,FUNCTION,Public,None,true,true,EXPR,false,false,false,false,,NONE,NO,"d=aweek(i,i)",2,2,true
B64DECODE,B64DECODE,FUNCTION,New,None,true,true,EXPR,false,false,false,false,,NONE,NO,"i=b64decode(s,s)",2,2,true
B64ENCODE,B64ENCODE,FUNCTION,New,None,true,true,EXPR,false,false,false,false,,NONE,NO,"i=b64encode(s,s)",2,2,true
CALLSTACK,CALLSTACK,FUNCTION,Internal,None,true,true,EXPR,false,false,false,false,,NONE,NO,S=callstack(i),1,1,false
CAST,CAST,FUNCTION,New,None,true,true,EXPR,false,false,false,false,,NONE,NO,"c=cast(c,s)",2,2,true
CH,CH,FUNCTION,Public,None,true,true,EXPR,false,false,false,false,,NONE,NO,n=ch(n),1,1,true
CHECKPATH,CHECKPATH,FUNCTION,New,None,true,true,EXPR,false,false,false,false,,NONE,NO,"i=checkpath(s,i)",2,2,true
CHR$,CHR$,FUNCTION,Public,None,true,true,EXPR,false,false,false,false,,NONE,NO,s=chr$(i),1,1,true
CLACMP,CLACMP,FUNCTION,Public,None,true,true,EXPR,false,false,false,false,,NONE,NO,"i=clacmp(p,p)",2,2,true
CLACTXNBS,CLACTXNBS,FUNCTION,Internal,None,true,true,EXPR,false,false,false,false,,NONE,NO,,,,false
CLACTXVAR,CLACTXVAR,FUNCTION,Internal,None,true,true,EXPR,false,false,false,false,,NONE,NO,,,,false
CLALEV,CLALEV,FUNCTION,Public,None,true,true,EXPR,false,false,false,false,,NONE,NO,i=clalev(p),1,1,true
CLANAM,CLANAM,FUNCTION,Public,None,true,true,EXPR,false,false,false,false,,NONE,NO,s=clanam(p),1,1,true
CLANBS,CLANBS,FUNCTION,Public,None,true,true,EXPR,false,false,false,false,,NONE,NO,i=clanbs(p),1,1,true
CLASIZ,CLASIZ,FUNCTION,Public,None,true,true,EXPR,false,false,false,false,,NONE,NO,i=clasiz(p),1,1,true
CLAVAR,CLAVAR,FUNCTION,Public,None,true,true,EXPR,false,false,false,false,,NONE,NO,"s=clavar(p,i)",2,2,true
CLONE,CLONE,FUNCTION,Internal,None,true,true,EXPR,false,false,false,false,,NONE,NO,c=c.clone,,,false
CLOSELOG,CLOSELOG,FUNCTION,Public,None,true,true,EXPR,false,false,false,false,,NONE,NO,i=closelog(),0,0,true
CNP,CNP,FUNCTION,Public,None,true,true,EXPR,false,false,false,false,,NONE,NO,"i=cnp(i,i)",2,2,true
COP$,COP$,FUNCTION,Deprecated,Deprecated,true,true,EXPR,false,false,false,false,,NONE,NO,,,,false
COS,COS,FUNCTION,Public,None,true,true,EXPR,false,false,false,false,,NONE,NO,n=cos(n),1,1,true
CTRANS,CTRANS,FUNCTION,Public,None,true,true,EXPR,false,false,false,false,,NONE,NO,s=ctrans(s...),1,1,true
DATE$,DATE$,FUNCTION,Public,None,true,true,EXPR,false,false,false,false,,NONE,NO,d=date$,,,true
DATETIME$,DATETIME$,FUNCTION,New,None,true,true,EXPR,false,false,false,false,,NONE,NO,dt=datetime$,,,true
DAY,DAY,FUNCTION,Public,None,true,true,EXPR,false,false,false,false,,NONE,NO,i=day(d),1,1,true
DAY$,DAY$,FUNCTION,Public,None,true,true,EXPR,false,false,false,false,,NONE,NO,day$(p),1,1,true
DAYN,DAYN,FUNCTION,Public,None,true,true,EXPR,false,false,false,false,,NONE,NO,dayn(d),1,1,true
DBGBREAKPOINTADD,DBGBREAKPOINTADD,FUNCTION,Internal,None,true,true,EXPR,false,false,false,false,,NONE,NO,,,,false
DBGBREAKPOINTGET,DBGBREAKPOINTGET,FUNCTION,Internal,None,true,true,EXPR,false,false,false,false,,NONE,NO,,,,false
DBGBREAKPOINTLIST,DBGBREAKPOINTLIST,FUNCTION,Internal,None,true,true,EXPR,false,false,false,false,,NONE,NO,,,,false
DBGBREAKPOINTREMOVE,DBGBREAKPOINTREMOVE,FUNCTION,Internal,None,true,true,EXPR,false,false,false,false,,NONE,NO,,,,false
DBGBREAKPOINTUPDATE,DBGBREAKPOINTUPDATE,FUNCTION,Internal,None,true,true,EXPR,false,false,false,false,,NONE,NO,,,,false
DBGEVALUE,DBGEVALUE,FUNCTION,Internal,None,true,true,EXPR,false,false,false,false,,NONE,NO,,,,false
DBGEVALUE2,DBGEVALUE2,FUNCTION,Internal,None,true,true,EXPR,false,false,false,false,,NONE,NO,,,,false
DELFILE,DELFILE,FUNCTION,Public,None,true,true,EXPR,false,false,false,false,,NONE,NO,i=delfile(s),1,1,true
DIM,DIM,FUNCTION,Public,None,true,true,EXPR,false,false,false,false,,NONE,NO,i=dim(p...),1,1,true
DIMCTX,DIMCTX,FUNCTION,Internal,None,true,true,EXPR,false,false,false,false,,NONE,NO,"n=dimctx(s,n)",2,2,false
DIR$,DIR$,FUNCTION,Public,None,true,true,EXPR,false,false,false,false,,NONE,NO,s=dir$,,,true
ENTETE,ENTETE,FUNCTION,Deprecated,Deprecated,true,true,EXPR,false,false,false,false,,NONE,NO,,,,false
EOMONTH,EOMONTH,FUNCTION,Public,None,true,true,EXPR,false,false,false,false,,NONE,NO,d=eomonth(d),1,1,true
ERRL,ERRL,FUNCTION,Public,None,true,true,EXPR,false,false,false,false,,NONE,NO,i=errl,,,true
ERRM,ERRM,FUNCTION,Public,None,true,true,EXPR,false,false,false,false,,NONE,NO,s=errm,,,true
ERRMES$,ERRMES$,FUNCTION,Public,None,true,true,EXPR,false,false,false,false,,NONE,NO,s=errmes$(i),1,1,true
ERRN,ERRN,FUNCTION,Public,None,true,true,EXPR,false,false,false,false,,NONE,NO,i=errn,,,true
ERRNREMOTE,ERRNREMOTE,FUNCTION,Internal,None,true,true,EXPR,false,false,false,false,,NONE,NO,s=errnremote,,,false
ERRP,ERRP,FUNCTION,Public,None,true,true,EXPR,false,false,false,false,,NONE,NO,s=errp,,,true
ESCJSON,ESCJSON,FUNCTION,Public,None,true,true,EXPR,false,false,false,false,,NONE,NO,s=escjson(s),1,1,true
EVALUE,EVALUE,FUNCTION,Public,None,true,true,EXPR,false,false,false,false,,NONE,NO,p=evalue(s),1,1,true
EVALUESDATA,EVALUESDATA,FUNCTION,Public,None,true,true,EXPR,false,false,false,false,,NONE,NO,"p=evaluesdata(s,p,p)",3,3,true
EXP,EXP,FUNCTION,Public,None,true,true,EXPR,false,false,false,false,,NONE,NO,n=exp(n),1,1,true
FAC,FAC,FUNCTION,Public,None,true,true,EXPR,false,false,false,false,,NONE,NO,i=fac(i),1,1,true
FILCOM,FILCOM,FUNCTION,Internal,None,true,true,EXPR,false,false,false,false,,NONE,NO,,,,false
FILECLA,FILECLA,FUNCTION,Internal,None,true,true,EXPR,false,false,false,false,,NONE,NO,,,,false
FILELEV,FILELEV,FUNCTION,Internal,None,true,true,EXPR,false,false,false,false,,NONE,NO,,,,false
FILETYP,FILETYP,FUNCTION,Internal,None,true,true,EXPR,false,false,false,false,,NONE,NO,,,,false
FILEXIST,FILEXIST,FUNCTION,Public,None,true,true,EXPR,false,false,false,false,,NONE,NO,"i=filexist(s,s,s)",3,3,true
FILINFO,FILINFO,FUNCTION,Public,None,true,true,EXPR,false,false,false,false,,NONE,NO,"i=filifo(s,i)",2,2,true
FILPATH,FILPATH,FUNCTION,Public,None,true,true,EXPR,false,false,false,false,,NONE,NO,s=filpath(s...),1,1,true
FIND,FIND,FUNCTION,Public,None,true,true,EXPR,false,false,false,false,,NONE,NO,i=find(p...),1,1,true
FIX,FIX,FUNCTION,Public,None,true,true,EXPR,false,false,false,false,,NONE,NO,i=fix(n),1,1,true
FMET,FMET,FUNCTION,New,None,true,true,EXPR,false,false,false,false,,NONE,NO,p=fmet c.METHOD,,,true
FORMAT$,FORMAT$,FUNCTION,Public,None,true,true,EXPR,false,false,false,false,,NONE,NO,"s=format$(s,p)",2,2,true
FREEHEAP,FREEHEAP,FUNCTION,Public,None,true,true,EXPR,false,false,false,false,,NONE,NO,n=freeheap,,,true
FREEMEM,FREEMEM,FUNCTION,Public,None,true,true,EXPR,false,false,false,false,,NONE,NO,n=freemem,,,true
FREESNAPSHOT,FREESNAPSHOT,FUNCTION,New,None,true,true,EXPR,false,false,false,false,,NONE,NO,i=c.freesnapshot,,,true
FREESYSSNAPSHOT,FREESYSSNAPSHOT,FUNCTION,Internal,None,true,true,EXPR,false,false,false,false,,NONE,NO,,,,false
FUNC,FUNC,FUNCTION,Public,None,true,true,EXPR,false,false,false,false,,NONE,NO,p=func FUNCTION(p),1,1,true
FUNCIU,FUNCIU,FUNCTION,Deprecated,Deprecated,true,true,EXPR,false,false,false,false,,NONE,NO,,,,false
GDAT$,GDAT$,FUNCTION,Public,None,true,true,EXPR,false,false,false,false,,NONE,NO,"d=gdat$(i,i,i)",3,3,true
GDATETIME$,GDATETIME$,FUNCTION,Public,None,true,true,EXPR,false,false,false,false,,NONE,NO,dt=gdatetime$(s),1,1,true
GETBIT,GETBIT,FUNCTION,Public,None,true,true,EXPR,false,false,false,false,,NONE,NO,"b=getbit(i,i)",2,2,true
GETENV$,GETENV$,FUNCTION,Public,None,true,true,EXPR,false,false,false,false,,NONE,NO,s=getenv(s),1,1,true
GETLOGNAME,GETLOGNAME,FUNCTION,Public,None,true,true,EXPR,false,false,false,false,,NONE,NO,s=getlogname,,,true
GETMODIFIED,GETMODIFIED,FUNCTION,New,None,true,true,EXPR,false,false,false,false,,NONE,NO,i=c.getmodified(p...),1,1,true
GETSYSMODIFIED,GETSYSMODIFIED,FUNCTION,Internal,None,true,true,EXPR,false,false,false,false,,NONE,NO,,,,false
GETUUID,GETUUID,FUNCTION,New,None,true,true,EXPR,false,false,false,false,,NONE,NO,u=getuuid,,,true
GRAPH$,GRAPH$,FUNCTION,Deprecated,Deprecated,true,true,EXPR,false,false,false,false,,NONE,NO,,,,false
HEAPDMP,HEAPDMP,FUNCTION,Public,None,true,true,EXPR,false,false,false,false,,NONE,NO,s=heapdmp,,,true
INPMODE,INPMODE,FUNCTION,Deprecated,Deprecated,true,true,EXPR,false,false,false,false,,NONE,NO,,,,false
INSTR,INSTR,FUNCTION,Public,None,true,true,EXPR,false,false,false,false,,NONE,NO,"i=instr(i,s,s)",3,3,true
INT,INT,FUNCTION,Public,None,true,true,EXPR,false,false,false,false,,NONE,NO,i=int(n),1,1,true
ISOPENADXD,ISOPENADXD,FUNCTION,Internal,None,true,true,EXPR,false,false,false,false,,NONE,NO,,,,false
JSONPROTO,JSONPROTO,FUNCTION,Internal,None,true,true,EXPR,false,false,false,false,,NONE,NO,,,,false
LEFT$,LEFT$,FUNCTION,Public,None,true,true,EXPR,false,false,false,false,,NONE,NO,"s=left$(s,i)",2,2,true
LEN,LEN,FUNCTION,Public,None,true,true,EXPR,false,false,false,false,,NONE,NO,i=len(s),1,1,true
LN,LN,FUNCTION,Public,None,true,true,EXPR,false,false,false,false,,NONE,NO,n=ln(n),1,1,true
LOBSIZE,LOBSIZE,FUNCTION,Public,None,true,true,EXPR,false,false,false,false,,NONE,NO,n=lobsize(s),1,1,true
LOG,LOG,FUNCTION,Public,None,true,true,EXPR,false,false,false,false,,NONE,NO,n=log(n),1,1,true
MASKABR,MASKABR,FUNCTION,Deprecated,Deprecated,true,true,EXPR,false,false,false,false,,NONE,NO,,,,false
MASKCLA,MASKCLA,FUNCTION,Deprecated,Deprecated,true,true,EXPR,false,false,false,false,,NONE,NO,,,,false
MASKCOU,MASKCOU,FUNCTION,Deprecated,Deprecated,true,true,EXPR,false,false,false,false,,NONE,NO,,,,false
MASKLEV,MASKLEV,FUNCTION,Deprecated,Deprecated,true,true,EXPR,false,false,false,false,,NONE,NO,,,,false
MASKNAM,MASKNAM,FUNCTION,Deprecated,Deprecated,true,true,EXPR,false,false,false,false,,NONE,NO,,,,false
MASKNBF,MASKNBF,FUNCTION,Deprecated,Deprecated,true,true,EXPR,false,false,false,false,,NONE,NO,,,,false
MASKRK,MASKRK,FUNCTION,Deprecated,Deprecated,true,true,EXPR,false,false,false,false,,NONE,NO,,,,false
MASKSIZ,MASKSIZ,FUNCTION,Deprecated,Deprecated,true,true,EXPR,false,false,false,false,,NONE,NO,,,,false
MAX,MAX,FUNCTION,Public,None,true,true,EXPR,false,false,false,false,,NONE,NO,p=max(p...),1,1,true
MAXTAB,MAXTAB,FUNCTION,New,None,true,true,EXPR,false,false,false,false,,NONE,NO,i=maxtab(p),1,1,true
MESS,MESS,FUNCTION,Public,None,true,true,EXPR,false,false,false,false,,NONE,NO,s=mess(i...),1,1,true
MID$,MID$,FUNCTION,Public,None,true,true,EXPR,false,false,false,false,,NONE,NO,"s=mid$(s,i,i)",3,3,true
MIN,MIN,FUNCTION,Public,None,true,true,EXPR,false,false,false,false,,NONE,NO,p=min(p...),1,1,true
MOD,MOD,FUNCTION,Public,None,true,true,EXPR,false,false,false,false,,NONE,NO,"i=mod(n,i)",2,2,true
MODIFIED,MODIFIED,FUNCTION,New,None,true,true,EXPR,false,false,false,false,,NONE,NO,l=p.modified,,,true
MONTH,MONTH,FUNCTION,Public,None,true,true,EXPR,false,false,false,false,,NONE,NO,i=month(d),1,1,true
MONTH$,MONTH$,FUNCTION,Public,None,true,true,EXPR,false,false,false,false,,NONE,NO,s=month$(d),1,1,true
NBRECORD,NBRECORD,FUNCTION,Public,None,true,true,EXPR,false,false,false,false,,NONE,NO,i=nbrecord(p),1,1,true
NBRUSER,NBRUSER,FUNCTION,Internal,None,true,true,EXPR,false,false,false,false,,NONE,NO,n=nbruser(),0,0,false
NDAY,NDAY,FUNCTION,Public,None,true,true,EXPR,false,false,false,false,,NONE,NO,i=nday(d),1,1,true
NDAY$,NDAY$,FUNCTION,Public,None,true,true,EXPR,false,false,false,false,,NONE,NO,d=nday(i),1,1,true
NOT,NOT,FUNCTION,Public,None,true,true,EXPR,false,false,false,false,,NONE,NO,l=not n,,,true
NULL,NULL,FUNCTION,New,None,true,true,EXPR,false,false,false,false,,NONE,NO,c=Null,,,true
NULLUUID,NULLUUID,FUNCTION,New,None,true,true,EXPR,false,false,false,false,,NONE,NO,u=Nulluuid,,,true
NUM$,NUM$,FUNCTION,Public,None,true,true,EXPR,false,false,false,false,,NONE,NO,s=num$(n),1,1,true
OBJECTEXIST,OBJECTEXIST,FUNCTION,Public,None,true,true,EXPR,false,false,false,false,,NONE,NO,n=objectexist(s),1,1,true
OBJECTNBS,OBJECTNBS,FUNCTION,Public,None,true,true,EXPR,false,false,false,false,,NONE,NO,n=objectnbs(c),1,1,true
OBJECTTYPE,OBJECTTYPE,FUNCTION,Public,None,true,true,EXPR,false,false,false,false,,NONE,NO,s=objecttyp(c),1,1,true
OBJECTVAR,OBJECTVAR,FUNCTION,Public,None,true,true,EXPR,false,false,false,false,,NONE,NO,s=objectvar(c),1,1,true
OPENLOG,OPENLOG,FUNCTION,Public,None,true,true,EXPR,false,false,false,false,,NONE,NO,i=openlog(i),1,1,true
OR,OR,FUNCTION,Public,None,true,true,EXPR,false,false,false,false,,NONE,NO,l=n or n,,,true
PARSE,PARSE,FUNCTION,Public,None,true,true,EXPR,false,false,false,false,,NONE,NO,i=parse(s),1,1,true
PAT,PAT,FUNCTION,Public,None,true,true,EXPR,false,false,false,false,,NONE,NO,"l=pat(s,s)",2,2,true
PI,PI,FUNCTION,Public,None,true,true,EXPR,false,false,false,false,,NONE,NO,n=pi,,,true
PRD,PRD,FUNCTION,Public,None,true,true,EXPR,false,false,false,false,,NONE,NO,n=prd(n...),1,1,true
PROGCAN,PROGCAN,FUNCTION,Internal,None,true,true,EXPR,false,false,false,false,,NONE,NO,s=progcan(n ),1,1,false
PROGLDD,PROGLDD,FUNCTION,Internal,None,true,true,EXPR,false,false,false,false,,NONE,NO,n=progldd(n),1,1,false
PROGSIZ,PROGSIZ,FUNCTION,Internal,None,true,true,EXPR,false,false,false,false,,NONE,NO,n=progldd(n),1,1,false
PROGUSD,PROGUSD,FUNCTION,Internal,None,true,true,EXPR,false,false,false,false,,NONE,NO,n=progusd(n),1,1,false
PULLOBJECT,PULLOBJECT,FUNCTION,Internal,None,true,true,EXPR,false,false,false,false,,NONE,NO,n=pullobject(s),1,1,false
PULLSCRIPT,PULLSCRIPT,FUNCTION,Internal,None,true,true,EXPR,false,false,false,false,,NONE,NO,n=pullscript(s),1,1,false
PUSHSCRIPT,PUSHSCRIPT,FUNCTION,Internal,None,true,true,EXPR,false,false,false,false,,NONE,NO,n=pushscript(s),1,1,false
REVERTTOSNAPSHOT,REVERTTOSNAPSHOT,FUNCTION,New,None,true,true,EXPR,false,false,false,false,,NONE,NO,i=c.reverttosnapshot,,,true
REVERTTOSYSSNAPHOT,REVERTTOSYSSNAPHOT,FUNCTION,Internal,None,true,true,EXPR,false,false,false,false,,NONE,NO,i=c.reverttosyssnapshot,,,false
REVERTUPDTICK,REVERTUPDTICK,FUNCTION,New,None,true,true,EXPR,false,false,false,false,,NONE,NO,i=c.revertupdtick,,,true
RIGHT$,RIGHT$,FUNCTION,Public,None,true,true,EXPR,false,false,false,false,,NONE,NO,"s=right$(s,i)",2,2,true
RND,RND,FUNCTION,Public,None,true,true,EXPR,false,false,false,false,,NONE,NO,n=rnd(n),1,1,true
ROWCOUNT,ROWCOUNT,FUNCTION,Public,None,true,true,EXPR,false,false,false,false,,NONE,NO,n=rowcount(p),1,1,true
SEG$,SEG$,FUNCTION,Public,None,true,true,EXPR,false,false,false,false,,NONE,NO,"s=seg$(s,i,i)",3,3,true
SETBIT,SETBIT,FUNCTION,Public,None,true,true,EXPR,false,false,false,false,,NONE,NO,"i=setbit(i,i,b)",3,3,true
SGN,SGN,FUNCTION,Public,None,true,true,EXPR,false,false,false,false,,NONE,NO,i=sgn(n),1,1,true
SH,SH,FUNCTION,Public,None,true,true,EXPR,false,false,false,false,,NONE,NO,n=sh(n),1,1,true
SIGMA,SIGMA,FUNCTION,Public,None,true,true,EXPR,false,false,false,false,,NONE,NO,p=sigma(p...),1,1,true
SIN,SIN,FUNCTION,Public,None,true,true,EXPR,false,false,false,false,,NONE,NO,n=sin(n),1,1,true
SPACE$,SPACE$,FUNCTION,Public,None,true,true,EXPR,false,false,false,false,,NONE,NO,s=space$(i),1,1,true
SQR,SQR,FUNCTION,Public,None,true,true,EXPR,false,false,false,false,,NONE,NO,n=sqr(n),1,1,true
STRDECODE,STRDECODE,FUNCTION,New,None,true,true,EXPR,false,false,false,false,,NONE,NO,"s=strdecode(s,s,i)",3,3,true
STRENCODE,STRENCODE,FUNCTION,New,None,true,true,EXPR,false,false,false,false,,NONE,NO,"s=strencode(s,s,i)",3,3,true
STRING$,STRING$,FUNCTION,Public,None,true,true,EXPR,false,false,false,false,,NONE,NO,"s=string$(i,p)",2,2,true
SUM,SUM,FUNCTION,Public,None,true,true,EXPR,false,false,false,false,,NONE,NO,p=sum(p...),1,1,true
SYSMODIFIED,SYSMODIFIED,FUNCTION,Internal,None,true,true,EXPR,false,false,false,false,,NONE,NO,,,,false
TAB$,TAB$,FUNCTION,Deprecated,Deprecated,true,true,EXPR,false,false,false,false,,NONE,NO,,,,false
TAN,TAN,FUNCTION,Public,None,true,true,EXPR,false,false,false,false,,NONE,NO,n=tan(n),1,1,true
TH,TH,FUNCTION,Public,None,true,true,EXPR,false,false,false,false,,NONE,NO,n=th(n),1,1,true
TIME,TIME,FUNCTION,Public,None,true,true,EXPR,false,false,false,false,,NONE,NO,n=time,,,true
TIME$,TIME$,FUNCTION,Public,None,true,true,EXPR,false,false,false,false,,NONE,NO,s=time$,,,true
TIMESTAMP$,TIMESTAMP$,FUNCTION,Public,None,true,true,EXPR,false,false,false,false,,NONE,NO,s=timestamp$,,,true
TOLOWER,TOLOWER,FUNCTION,Public,None,true,true,EXPR,false,false,false,false,,NONE,NO,s=tolower(s),1,1,true
TOSDATA,TOSDATA,FUNCTION,Public,None,true,true,EXPR,false,false,false,false,,NONE,NO,"s=toSData(s,s,s)",3,3,true
TOUPPER,TOUPPER,FUNCTION,Public,None,true,true,EXPR,false,false,false,false,,NONE,NO,s=toupper(s),1,1,true
TOUUID,TOUUID,FUNCTION,New,None,true,true,EXPR,false,false,false,false,,NONE,NO,s=touuid(u),1,1,true
TRTCOU,TRTCOU,FUNCTION,Public,None,true,true,EXPR,false,false,false,false,,NONE,NO,s=trtcou,,,true
TYPE,TYPE,FUNCTION,Public,None,true,true,EXPR,false,false,false,false,,NONE,NO,i=type(p),1,1,true
TYPECTX,TYPECTX,FUNCTION,Internal,None,true,true,EXPR,false,false,false,false,,NONE,NO,"i=typctx(s,n)",2,2,false
UNESCJSON,UNESCJSON,FUNCTION,Public,None,true,true,EXPR,false,false,false,false,,NONE,NO,s=unescjson(s),1,1,true
UNI,UNI,FUNCTION,Public,None,true,true,EXPR,false,false,false,false,,NONE,NO,i=uni(p...),1,1,true
UNIQID,UNIQID,FUNCTION,Public,None,true,true,EXPR,false,false,false,false,,NONE,NO,i=uniqid(p),1,1,true
UUID$,UUID$,FUNCTION,New,None,true,true,EXPR,false,false,false,false,,NONE,NO,u=uuid$,,,true
VAL,VAL,FUNCTION,Public,None,true,true,EXPR,false,false,false,false,,NONE,NO,n=val(s),1,1,true
VAR,VAR,FUNCTION,Public,None,true,true,EXPR,false,false,false,false,,NONE,NO,"n=var(n,n,n,...)",4,4,true
VARINIT,VARINIT,FUNCTION,Deprecated,Deprecated,true,true,EXPR,false,false,false,false,,NONE,NO,,,,false
VARMODE,VARMODE,FUNCTION,Deprecated,Deprecated,true,true,EXPR,false,false,false,false,,NONE,NO,,,,false
VER$,VER$,FUNCTION,Public,None,true,true,EXPR,false,false,false,false,,NONE,NO,s=ver$(i),1,1,true
VIREBLC,VIREBLC,FUNCTION,Public,None,true,true,EXPR,false,false,false,false,,NONE,NO,"s=vireblc(s,i)",2,2,true
WEEK,WEEK,FUNCTION,Public,None,true,true,EXPR,false,false,false,false,,NONE,NO,i=week(d),1,1,true
XGETCHAR,XGETCHAR,FUNCTION,New,None,true,true,EXPR,false,false,false,false,,NONE,NO,"s=xgetchar(s,i)",2,2,true
XOR,XOR,FUNCTION,Public,None,true,true,EXPR,false,false,false,false,,NONE,NO,l=n xor n,,,true
YEAR,YEAR,FUNCTION,Public,None,true,true,EXPR,false,false,false,false,,NONE,NO,i=year(d),1,1,true
ANASQL,ANASQL,INSTRUCTION,Public,None,true,true,STMT,false,false,false,false,,NONE,UNKNOWN,,,,true
APPEND,APPEND,INSTRUCTION,New,None,true,true,STMT,false,false,false,false,,NONE,UNKNOWN,,,,true
AS,AS,INSTRUCTION,Public,None,true,true,STMT,false,false,false,false,,NONE,UNKNOWN,,,,true
ASC,ASC,INSTRUCTION,Public,None,true,true,STMT,false,false,false,false,,NONE,UNKNOWN,,,,true
ASSIGN,ASSIGN,INSTRUCTION,Public,None,true,true,STMT,false,false,false,false,,NONE,UNKNOWN,,,,true
BLBFILE,BLBFILE,INSTRUCTION,Public,None,true,true,STMT,false,false,false,false,,NONE,UNKNOWN,,,,true
BREAK,BREAK,INSTRUCTION,Public,None,true,true,STMT,false,false,false,false,,NONE,UNKNOWN,,,,true
BY,BY,INSTRUCTION,Public,None,true,true,STMT,false,false,false,false,,NONE,UNKNOWN,,,,true
CALL,CALL,INSTRUCTION,Public,None,true,true,STMT,false,false,false,false,,NONE,UNKNOWN,,,,true
CALLMET,CALLMET,INSTRUCTION,Internal,None,true,true,STMT,false,false,false,false,,NONE,UNKNOWN,,,,true
CASE,CASE,INSTRUCTION,Public,None,true,true,STMT,true,true,false,false,ENDCASE,NONE,UNKNOWN,,,,true
CHAR,CHAR,INSTRUCTION,Public,None,true,true,STMT,false,false,false,false,,NONE,UNKNOWN,,,,true
CLBFILE,CLBFILE,INSTRUCTION,Public,None,true,true,STMT,false,false,false,false,,NONE,UNKNOWN,,,,true
CLOSE,CLOSE,INSTRUCTION,Public,None,true,true,STMT,false,false,false,false,,NONE,UNKNOWN,,,,true
COLUMNS,COLUMNS,INSTRUCTION,Public,None,true,true,STMT,false,false,false,false,,NONE,UNKNOWN,,,,true
COMMIT,COMMIT,INSTRUCTION,Public,None,true,true,STMT,false,false,false,false,,NONE,UNKNOWN,,,,true
CONST,CONST,INSTRUCTION,Public,None,true,true,STMT,false,false,false,false,,NONE,UNKNOWN,,,,true
CURR,CURR,INSTRUCTION,Public,None,true,true,STMT,false,false,false,false,,NONE,UNKNOWN,,,,true
CURRIND,CURRIND,INSTRUCTION,Public,None,true,true,STMT,false,false,false,false,,NONE,UNKNOWN,,,,true
CURRLEN,CURRLEN,INSTRUCTION,Public,None,true,true,STMT,false,false,false,false,,NONE,UNKNOWN,,,,true
DATE,DATE,INSTRUCTION,Public,None,true,true,STMT,false,false,false,false,,NONE,UNKNOWN,,,,true
DATESYST,DATESYST,INSTRUCTION,Internal,None,true,true,STMT,false,false,false,false,,NONE,UNKNOWN,,,,true
DATETIME,DATETIME,INSTRUCTION,Public,None,true,true,STMT,false,false,false,false,,NONE,UNKNOWN,,,,true
DBGAFF,DBGAFF,INSTRUCTION,Public,None,true,true,STMT,false,false,false,false,,NONE,UNKNOWN,,,,true
DBGMODE,DBGMODE,INSTRUCTION,Public,None,true,true,STMT,false,false,false,false,,NONE,UNKNOWN,,,,true
DECIMAL,DECIMAL,INSTRUCTION,Public,None,true,true,STMT,false,false,false,false,,NONE,UNKNOWN,,,,true
DEFAULT,DEFAULT,INSTRUCTION,Public,None,true,true,STMT,true,false,false,true,CASE,NONE,UNKNOWN,,,,true
DELA,DELA,INSTRUCTION,Public,None,true,true,STMT,false,false,false,false,,NONE,UNKNOWN,,,,true
DELETE,DELETE,INSTRUCTION,Public,None,true,true,STMT,false,false,false,false,,NONE,UNKNOWN,,,,true
DELETEBYKEY,DELETEBYKEY,INSTRUCTION,New,None,true,true,STMT,false,false,false,false,,NONE,UNKNOWN,,,,true
DESC,DESC,INSTRUCTION,Public,None,true,true,STMT,false,false,false,false,,NONE,UNKNOWN,,,,true
DOUBLE,DOUBLE,INSTRUCTION,Public,None,true,true,STMT,false,false,false,false,,NONE,UNKNOWN,,,,true
ELSE,ELSE,INSTRUCTION,Public,None,true,true,STMT,true,false,false,true,IF,NONE,UNKNOWN,,,,true
ELSIF,ELSIF,INSTRUCTION,Public,None,true,true,STMT,true,false,false,true,IF,NONE,UNKNOWN,,,,true
END,END,INSTRUCTION,Public,None,true,true,STMT,false,false,false,false,,NONE,UNKNOWN,,,,true
ENDCASE,ENDCASE,INSTRUCTION,Public,None,true,true,STMT,true,false,true,false,CASE,NONE,UNKNOWN,,,,true
ENDIF,ENDIF,INSTRUCTION,Public,None,true,true,STMT,true,false,true,false,IF,NONE,UNKNOWN,,,,true
EXECSQL,EXECSQL,INSTRUCTION,Public,None,true,true,STMT,false,false,false,false,,NONE,UNKNOWN,,,,true
EXTENDED,EXTENDED,INSTRUCTION,Public,None,true,true,STMT,false,false,false,false,,NONE,UNKNOWN,,,,true
FILE,FILE,INSTRUCTION,Public,None,true,true,STMT,false,false,false,false,,NONE,UNKNOWN,,,,true
FILEABRE,FILEABRE,INSTRUCTION,Internal,None,true,true,STMT,false,false,false,false,,NONE,UNKNOWN,,,,true
FILENAME,FILENAME,INSTRUCTION,Internal,None,true,true,STMT,false,false,false,false,,NONE,UNKNOWN,,,,true
FILTER,FILTER,INSTRUCTION,Public,None,true,true,STMT,false,false,false,false,,NONE,UNKNOWN,,,,true
FIRST,FIRST,INSTRUCTION,Public,None,true,true,STMT,false,false,false,false,,NONE,UNKNOWN,,,,true
FLOAT,FLOAT,INSTRUCTION,Public,None,true,true,STMT,false,false,false,false,,NONE,UNKNOWN,,,,true
FLUSH,FLUSH,INSTRUCTION,Public,None,true,true,STMT,false,false,false,false,,NONE,UNKNOWN,,,,true
FMETHOD,FMETHOD,INSTRUCTION,New,None,true,true,STMT,false,false,false,false,,NONE,UNKNOWN,,,,true
FOR,FOR,INSTRUCTION,Public,None,true,true,STMT,true,true,false,false,NEXT,NONE,UNKNOWN,,,,true
FREEGROUP,FREEGROUP,INSTRUCTION,New,None,true,true,STMT,false,false,false,false,,NONE,UNKNOWN,,,,true
FREEINSTANCE,FREEINSTANCE,INSTRUCTION,New,None,true,true,STMT,false,false,false,false,,NONE,UNKNOWN,,,,true
FROM,FROM,INSTRUCTION,Public,None,true,true,STMT,false,false,false,false,,NONE,UNKNOWN,,,,true
FSTAT,FSTAT,INSTRUCTION,Public,None,true,true,STMT,false,false,false,false,,NONE,UNKNOWN,,,,true
FUNPROG,FUNPROG,INSTRUCTION,Public,None,true,true,STMT,false,false,false,false,,NONE,UNKNOWN,,,,true
GETACCESSORENABLED,GETACCESSORENABLED,INSTRUCTION,New,None,true,true,STMT,false,false,false,false,,NONE,UNKNOWN,,,,true
GETSEQ,GETSEQ,INSTRUCTION,Public,None,true,true,STMT,false,false,false,false,,NONE,UNKNOWN,,,,true
GLOBAL,GLOBAL,INSTRUCTION,Public,None,true,true,STMT,false,false,false,false,,NONE,UNKNOWN,,,,true
GOSUB,GOSUB,INSTRUCTION,Public,None,true,true,STMT,true,false,false,false,,NONE,UNKNOWN,,,,true
GOTO,GOTO,INSTRUCTION,Public,None,true,true,STMT,true,false,false,false,,NONE,UNKNOWN,,,,true
HINT,HINT,INSTRUCTION,Public,None,true,true,STMT,false,false,false,false,,NONE,UNKNOWN,,,,true
IF,IF,INSTRUCTION,Public,None,true,true,STMT,true,true,false,false,ENDIF,NONE,UNKNOWN,,,,true
INDCUM,INDCUM,INSTRUCTION,Public,None,true,true,STMT,false,false,false,false,,NONE,UNKNOWN,,,,true
INFBOX,INFBOX,INSTRUCTION,Deprecated,Deprecated,true,true,STMT,false,false,false,false,,UI,YES,,,,false
INSA,INSA,INSTRUCTION,Public,None,true,true,STMT,false,false,false,false,,NONE,UNKNOWN,,,,true
INSTANCE,INSTANCE,INSTRUCTION,New,None,true,true,STMT,false,false,false,false,,NONE,UNKNOWN,,,,true
INTEGER,INTEGER,INSTRUCTION,Public,None,true,true,STMT,false,false,false,false,,NONE,UNKNOWN,,,,true
IOMODE,IOMODE,INSTRUCTION,Public,None,true,true,STMT,false,false,false,false,,NONE,UNKNOWN,,,,true
ISREADONLY,ISREADONLY,INSTRUCTION,New,None,true,true,STMT,false,false,false,false,,NONE,UNKNOWN,,,,true
KEY,KEY,INSTRUCTION,Public,None,true,true,STMT,false,false,false,false,,NONE,UNKNOWN,,,,true
KEYLEN,KEYLEN,INSTRUCTION,Deprecated,Deprecated,true,true,STMT,false,false,false,false,,NONE,UNKNOWN,,,,true
KEYNAME,KEYNAME,INSTRUCTION,Deprecated,Deprecated,true,true,STMT,false,false,false,false,,NONE,UNKNOWN,,,,true
KEYUNIQ,KEYUNIQ,INSTRUCTION,Deprecated,Deprecated,true,true,STMT,false,false,false,false,,NONE,UNKNOWN,,,,true
KILL,KILL,INSTRUCTION,Public,None,true,true,STMT,false,false,false,false,,NONE,UNKNOWN,,,,true
LAST,LAST,INSTRUCTION,Public,None,true,true,STMT,false,false,false,false,,NONE,UNKNOWN,,,,true
LIBELLE,LIBELLE,INSTRUCTION,Deprecated,Deprecated,true,true,STMT,false,false,false,false,,NONE,UNKNOWN,,,,true
LINK,LINK,INSTRUCTION,Public,None,true,true,STMT,false,false,false,false,,NONE,UNKNOWN,,,,true
LOCAL,LOCAL,INSTRUCTION,Public,None,true,true,STMT,false,false,false,false,,NONE,UNKNOWN,,,,true
LOCK,LOCK,INSTRUCTION,Public,None,true,true,STMT,false,false,false,false,,NONE,UNKNOWN,,,,true
LOCKWAIT,LOCKWAIT,INSTRUCTION,Public,None,true,true,STMT,false,false,false,false,,NONE,UNKNOWN,,,,true
LOGICCLOSE,LOGICCLOSE,INSTRUCTION,Public,None,true,true,STMT,false,false,false,false,,NONE,UNKNOWN,,,,true
LOOK,LOOK,INSTRUCTION,Public,None,true,true,STMT,false,false,false,false,,NONE,UNKNOWN,,,,true
MAXHEAP,MAXHEAP,INSTRUCTION,Internal,None,true,true,STMT,false,false,false,false,,NONE,UNKNOWN,,,,true
MAXMEM,MAXMEM,INSTRUCTION,Internal,None,true,true,STMT,false,false,false,false,,NONE,UNKNOWN,,,,true
METHOD,METHOD,INSTRUCTION,New,None,true,true,STMT,false,false,false,false,,NONE,UNKNOWN,,,,true
NBIND,NBIND,INSTRUCTION,Public,None,true,true,STMT,false,false,false,false,,NONE,UNKNOWN,,,,true
NBZON,NBZON,INSTRUCTION,Public,None,true,true,STMT,false,false,false,false,,NONE,UNKNOWN,,,,true
NEWINSTANCE,NEWINSTANCE,INSTRUCTION,New,None,true,true,STMT,false,false,false,false,,NONE,UNKNOWN,,,,true
NEXT,NEXT,INSTRUCTION,Public,None,true,true,STMT,true,false,true,false,FOR,NONE,UNKNOWN,,,,true
NOHINT,NOHINT,INSTRUCTION,Public,None,true,true,STMT,false,false,false,false,,NONE,UNKNOWN,,,,true
NOMAP,NOMAP,INSTRUCTION,Public,None,true,true,STMT,false,false,false,false,,NONE,UNKNOWN,,,,true
ONERRGO,ONERRGO,INSTRUCTION,Public,None,true,true,STMT,false,false,false,false,,NONE,UNKNOWN,,,,true
OPENI,OPENI,INSTRUCTION,Public,None,true,true,STMT,false,false,false,false,,FILE,YES,,,,true
OPENIO,OPENIO,INSTRUCTION,Public,None,true,true,STMT,false,false,false,false,,NONE,UNKNOWN,,,,true
OPENO,OPENO,INSTRUCTION,Public,None,true,true,STMT,false,false,false,false,,FILE,YES,,,,true
PREV,PREV,INSTRUCTION,Public,None,true,true,STMT,false,false,false,false,,NONE,UNKNOWN,,,,true
PUTSEQ,PUTSEQ,INSTRUCTION,Public,None,true,true,STMT,false,false,false,false,,NONE,UNKNOWN,,,,true
RAZ,RAZ,INSTRUCTION,Public,None,true,true,STMT,false,false,false,false,,NONE,UNKNOWN,,,,true
RDSEQ,RDSEQ,INSTRUCTION,Public,None,true,true,STMT,false,false,false,false,,FILE,YES,,,,true
READ,READ,INSTRUCTION,Public,None,true,true,STMT,false,false,false,false,,NONE,UNKNOWN,,,,true
READLOCK,READLOCK,INSTRUCTION,Public,None,true,true,STMT,false,false,false,false,,NONE,UNKNOWN,,,,true
RECKEY,RECKEY,INSTRUCTION,Public,None,true,true,STMT,false,false,false,false,,NONE,UNKNOWN,,,,true
RENAMEFILE,RENAMEFILE,INSTRUCTION,New,None,true,true,STMT,false,false,false,false,,NONE,UNKNOWN,,,,true
REPEAT,REPEAT,INSTRUCTION,Public,None,true,true,STMT,true,true,false,false,UNTIL,NONE,UNKNOWN,,,,true
RESUME,RESUME,INSTRUCTION,Public,None,true,true,STMT,false,false,false,false,,NONE,UNKNOWN,,,,true
RETURN,RETURN,INSTRUCTION,Public,None,true,true,STMT,true,false,false,false,,NONE,UNKNOWN,,,,true
REWRITE,REWRITE,INSTRUCTION,Public,None,true,true,STMT,false,false,false,false,,NONE,UNKNOWN,,,,true
REWRITEBYKEY,REWRITEBYKEY,INSTRUCTION,New,None,true,true,STMT,false,false,false,false,,NONE,UNKNOWN,,,,true
ROLLBACK,ROLLBACK,INSTRUCTION,Public,None,true,true,STMT,false,false,false,false,,NONE,UNKNOWN,,,,true
SADMEM,SADMEM,INSTRUCTION,Internal,None,true,true,STMT,false,false,false,false,,NONE,UNKNOWN,,,,true
SCHAR,SCHAR,INSTRUCTION,Public,None,true,true,STMT,false,false,false,false,,NONE,UNKNOWN,,,,true
SEEK,SEEK,INSTRUCTION,Public,None,true,true,STMT,false,false,false,false,,DB,YES,,,,true
SETACCESSORENABLED,SETACCESSORENABLED,INSTRUCTION,New,None,true,true,STMT,false,false,false,false,,NONE,UNKNOWN,,,,true
SETINSTANCE,SETINSTANCE,INSTRUCTION,New,None,true,true,STMT,false,false,false,false,,NONE,UNKNOWN,,,,true
SETLOB,SETLOB,INSTRUCTION,Public,None,true,true,STMT,false,false,false,false,,NONE,UNKNOWN,,,,true
SHORTINT,SHORTINT,INSTRUCTION,Public,None,true,true,STMT,false,false,false,false,,NONE,UNKNOWN,,,,true
SLEEP,SLEEP,INSTRUCTION,Public,None,true,true,STMT,false,false,false,false,,NONE,UNKNOWN,,,,true
SNAPSHOT,SNAPSHOT,INSTRUCTION,New,None,true,true,STMT,false,false,false,false,,NONE,UNKNOWN,,,,true
SNAPSHOTENABLED,SNAPSHOTENABLED,INSTRUCTION,New,None,true,true,STMT,false,false,false,false,,NONE,UNKNOWN,,,,true
SORTA,SORTA,INSTRUCTION,Public,None,true,true,STMT,false,false,false,false,,NONE,UNKNOWN,,,,true
SQL,SQL,INSTRUCTION,Public,None,true,true,STMT,false,false,false,false,,DB,YES,,,,true
STABILITY,STABILITY,INSTRUCTION,Public,None,true,true,STMT,false,false,false,false,,NONE,UNKNOWN,,,,true
STAT1,STAT1,INSTRUCTION,Public,None,true,true,STMT,false,false,false,false,,NONE,UNKNOWN,,,,true
STEP,STEP,INSTRUCTION,Public,None,true,true,STMT,false,false,false,false,,NONE,UNKNOWN,,,,true
SUBPROG,SUBPROG,INSTRUCTION,Public,None,true,true,STMT,false,false,false,false,,NONE,UNKNOWN,,,,true
SYSTEM,SYSTEM,INSTRUCTION,Public,None,true,true,STMT,false,false,false,false,,NONE,UNKNOWN,,,,true
TAIREC,TAIREC,INSTRUCTION,Public,None,true,true,STMT,false,false,false,false,,NONE,UNKNOWN,,,,true
THEN,THEN,INSTRUCTION,Public,None,true,true,STMT,false,false,false,false,,NONE,UNKNOWN,,,,true
THIS,THIS,INSTRUCTION,New,None,true,true,STMT,false,false,false,false,,NONE,UNKNOWN,,,,true
TINYINT,TINYINT,INSTRUCTION,New,None,true,true,STMT,false,false,false,false,,NONE,UNKNOWN,,,,true
TO,TO,INSTRUCTION,Public,None,true,true,STMT,false,false,false,false,,NONE,UNKNOWN,,,,true
TRBEGIN,TRBEGIN,INSTRUCTION,Public,None,true,true,STMT,false,false,false,false,,NONE,UNKNOWN,,,,true
UNLOCK,UNLOCK,INSTRUCTION,Public,None,true,true,STMT,false,false,false,false,,DB,YES,,,,true
UNTIL,UNTIL,INSTRUCTION,Public,None,true,true,STMT,true,false,true,false,REPEAT,NONE,UNKNOWN,,,,true
UPDATE,UPDATE,INSTRUCTION,Public,None,true,true,STMT,false,false,false,false,,DB,YES,,,,true
UPDTICK,UPDTICK,INSTRUCTION,New,None,true,true,STMT,false,false,false,false,,NONE,UNKNOWN,,,,true
USING,USING,INSTRUCTION,Public,None,true,true,STMT,false,false,false,false,,NONE,UNKNOWN,,,,true
UUIDENT,UUIDENT,INSTRUCTION,New,None,true,true,STMT,false,false,false,false,,NONE,UNKNOWN,,,,true
VALUE,VALUE,INSTRUCTION,Public,None,true,true,STMT,false,false,false,false,,NONE,UNKNOWN,,,,true
VARIABLE,VARIABLE,INSTRUCTION,Public,None,true,true,STMT,false,false,false,false,,NONE,UNKNOWN,,,,true
WEND,WEND,INSTRUCTION,Public,None,true,true,STMT,true,false,true,false,WHILE,NONE,UNKNOWN,,,,true
WHEN,WHEN,INSTRUCTION,Public,None,true,true,STMT,true,false,false,true,CASE,NONE,UNKNOWN,,,,true
WHERE,WHERE,INSTRUCTION,Public,None,true,true,STMT,false,false,false,false,,NONE,UNKNOWN,,,,true
WHILE,WHILE,INSTRUCTION,Public,None,true,true,STMT,true,true,false,false,WEND,NONE,UNKNOWN,,,,true
WITH,WITH,INSTRUCTION,Public,None,true,true,STMT,false,false,false,false,,NONE,UNKNOWN,,,,true
WRITE,WRITE,INSTRUCTION,Public,None,true,true,STMT,false,false,false,false,,DB,YES,,,,true
WRITEB,WRITEB,INSTRUCTION,New,None,true,true,STMT,false,false,false,false,,FILE,YES,,,,true
WRNBOX,WRNBOX,INSTRUCTION,Deprecated,Deprecated,true,true,STMT,false,false,false,false,,UI,YES,,,,false
WRSEQ,WRSEQ,INSTRUCTION,Public,None,true,true,STMT,false,false,false,false,,FILE,YES,,,,true
ACTIHGUP,ACTIHGUP,LANG_ELEMENT,Internal,None,true,true,STMT,false,false,false,false,,NONE,UNKNOWN,,,,false
ACTZO,ACTZO,LANG_ELEMENT,Deprecated,Deprecated,true,true,STMT,false,false,false,false,,NONE,UNKNOWN,,,,false
ADDITM,ADDITM,LANG_ELEMENT,Deprecated,Deprecated,true,true,STMT,false,false,false,false,,NONE,UNKNOWN,,,,false
ADDMEN,ADDMEN,LANG_ELEMENT,Deprecated,Deprecated,true,true,STMT,false,false,false,false,,NONE,UNKNOWN,,,,false
AFFZO,AFFZO,LANG_ELEMENT,Deprecated,Deprecated,true,true,STMT,false,false,false,false,,NONE,UNKNOWN,,,,false
ASKUI,ASKUI,LANG_ELEMENT,DeprecatedClassic,Classic,true,true,STMT,false,false,false,false,,NONE,UNKNOWN,,,,false
AT,AT,LANG_ELEMENT,Deprecated,Deprecated,true,true,STMT,false,false,false,false,,NONE,UNKNOWN,,,,false
BLK,BLK,LANG_ELEMENT,Deprecated,Deprecated,true,true,STMT,false,false,false,false,,NONE,UNKNOWN,,,,false
BOXACT,BOXACT,LANG_ELEMENT,Deprecated,Deprecated,true,true,STMT,false,false,false,false,,NONE,UNKNOWN,,,,false
BOXCLR,BOXCLR,LANG_ELEMENT,Deprecated,Deprecated,true,true,STMT,false,false,false,false,,NONE,UNKNOWN,,,,false
BOXINP,BOXINP,LANG_ELEMENT,Deprecated,Deprecated,true,true,STMT,false,false,false,false,,NONE,UNKNOWN,,,,false
BUTTON,BUTTON,LANG_ELEMENT,Deprecated,Deprecated,true,true,STMT,false,false,false,false,,NONE,UNKNOWN,,,,false
CALLILOG,CALLILOG,LANG_ELEMENT,Deprecated,Deprecated,true,true,STMT,false,false,false,false,,NONE,UNKNOWN,,,,false
CALLIU,CALLIU,LANG_ELEMENT,Deprecated,Deprecated,true,true,STMT,false,false,false,false,,NONE,UNKNOWN,,,,false
CALLOCX,CALLOCX,LANG_ELEMENT,DeprecatedClassic,Classic,true,true,STMT,false,false,false,false,,NONE,UNKNOWN,,,,false
CALLUI,CALLUI,LANG_ELEMENT,Deprecated,Deprecated,true,true,STMT,false,false,false,false,,NONE,UNKNOWN,,,,false
CALLWS,CALLWS,LANG_ELEMENT,Deprecated,Deprecated,true,true,STMT,false,false,false,false,,NONE,UNKNOWN,,,,false
CHAIN,CHAIN,LANG_ELEMENT,Deprecated,Deprecated,true,true,STMT,false,false,false,false,,NONE,UNKNOWN,,,,false
CHECKIN,CHECKIN,LANG_ELEMENT,Internal,None,true,true,STMT,false,false,false,false,,NONE,UNKNOWN,,,,false
CHGFMT,CHGFMT,LANG_ELEMENT,Deprecated,Deprecated,true,true,STMT,false,false,false,false,,NONE,UNKNOWN,,,,false
CHGSTL,CHGSTL,LANG_ELEMENT,Deprecated,Deprecated,true,true,STMT,false,false,false,false,,NONE,UNKNOWN,,,,false
CHGTBK,CHGTBK,LANG_ELEMENT,Deprecated,Deprecated,true,true,STMT,false,false,false,false,,NONE,UNKNOWN,,,,false
CHGTFD,CHGTFD,LANG_ELEMENT,Deprecated,Deprecated,true,true,STMT,false,false,false,false,,NONE,UNKNOWN,,,,false
CHGTZN,CHGTZN,LANG_ELEMENT,Deprecated,Deprecated,true,true,STMT,false,false,false,false,,NONE,UNKNOWN,,,,false
CHOOSE,CHOOSE,LANG_ELEMENT,Deprecated,Deprecated,true,true,STMT,false,false,false,false,,NONE,UNKNOWN,,,,false
CLLDAP,CLLDAP,LANG_ELEMENT,Deprecated,Deprecated,true,true,STMT,false,false,false,false,,NONE,UNKNOWN,,,,false
CLOSECOM,CLOSECOM,LANG_ELEMENT,Internal,None,true,true,STMT,false,false,false,false,,NONE,UNKNOWN,,,,false
CLOSEXML,CLOSEXML,LANG_ELEMENT,Internal,None,true,true,STMT,false,false,false,false,,NONE,UNKNOWN,,,,false
CODED,CODED,LANG_ELEMENT,Internal,None,true,true,STMT,false,false,false,false,,NONE,UNKNOWN,,,,false
CONVXML,CONVXML,LANG_ELEMENT,Internal,None,true,true,STMT,false,false,false,false,,NONE,UNKNOWN,,,,false
CTXINFO,CTXINFO,LANG_ELEMENT,Deprecated,Deprecated,true,true,STMT,false,false,false,false,,NONE,UNKNOWN,,,,false
CURRBOX,CURRBOX,LANG_ELEMENT,Deprecated,Deprecated,true,true,STMT,false,false,false,false,,NONE,UNKNOWN,,,,false
DBGATTACH,DBGATTACH,LANG_ELEMENT,Internal,None,true,true,STMT,false,false,false,false,,NONE,UNKNOWN,,,,false
DBGBOX,DBGBOX,LANG_ELEMENT,Deprecated,Deprecated,true,true,STMT,false,false,false,false,,NONE,UNKNOWN,,,,false
DBGCALLSTACK,DBGCALLSTACK,LANG_ELEMENT,Internal,None,true,true,STMT,false,false,false,false,,NONE,UNKNOWN,,,,false
DBGDURATION,DBGDURATION,LANG_ELEMENT,Internal,None,true,true,STMT,false,false,false,false,,NONE,UNKNOWN,,,,false
DBGEXCEPT,DBGEXCEPT,LANG_ELEMENT,Internal,None,true,true,STMT,false,false,false,false,,NONE,UNKNOWN,,,,false
DBGLINEOFFSET,DBGLINEOFFSET,LANG_ELEMENT,Internal,None,true,true,STMT,false,false,false,false,,NONE,UNKNOWN,,,,false
DBGLOG,DBGLOG,LANG_ELEMENT,Internal,None,true,true,STMT,false,false,false,false,,NONE,UNKNOWN,,,,false
DBGLONG,DBGLONG,LANG_ELEMENT,Internal,None,true,true,STMT,false,false,false,false,,NONE,UNKNOWN,,,,false
DBGSTR,DBGSTR,LANG_ELEMENT,Internal,None,true,true,STMT,false,false,false,false,,NONE,UNKNOWN,,,,false
DCLKEY,DCLKEY,LANG_ELEMENT,Deprecated,Deprecated,true,true,STMT,false,false,false,false,,NONE,UNKNOWN,,,,false
DISABLE,DISABLE,LANG_ELEMENT,Deprecated,Deprecated,true,true,STMT,false,false,false,false,,NONE,UNKNOWN,,,,false
DISCOMBO,DISCOMBO,LANG_ELEMENT,Deprecated,Deprecated,true,true,STMT,false,false,false,false,,NONE,UNKNOWN,,,,false
DISLBOX,DISLBOX,LANG_ELEMENT,Deprecated,Deprecated,true,true,STMT,false,false,false,false,,NONE,UNKNOWN,,,,false
DISZO,DISZO,LANG_ELEMENT,Deprecated,Deprecated,true,true,STMT,false,false,false,false,,NONE,UNKNOWN,,,,false
DLGBOX,DLGBOX,LANG_ELEMENT,Deprecated,Deprecated,true,true,STMT,false,false,false,false,,NONE,UNKNOWN,,,,false
DSPZO,DSPZO,LANG_ELEMENT,Deprecated,Deprecated,true,true,STMT,false,false,false,false,,NONE,UNKNOWN,,,,false
EDI,EDI,LANG_ELEMENT,DeprecatedClassic,Classic,true,true,STMT,false,false,false,false,,NONE,UNKNOWN,,,,false
EFFZO,EFFZO,LANG_ELEMENT,Deprecated,Deprecated,true,true,STMT,false,false,false,false,,NONE,UNKNOWN,,,,false
ENABLE,ENABLE,LANG_ELEMENT,Deprecated,Deprecated,true,true,STMT,false,false,false,false,,NONE,UNKNOWN,,,,false
ENDBOX,ENDBOX,LANG_ELEMENT,Deprecated,Deprecated,true,true,STMT,false,false,false,false,,NONE,UNKNOWN,,,,false
ENVZO,ENVZO,LANG_ELEMENT,Deprecated,Deprecated,true,true,STMT,false,false,false,false,,NONE,UNKNOWN,,,,false
ERRBOX,ERRBOX,LANG_ELEMENT,Deprecated,Deprecated,true,true,STMT,false,false,false,false,,NONE,UNKNOWN,,,,false
EXECWS,EXECWS,LANG_ELEMENT,Deprecated,Deprecated,true,true,STMT,false,false,false,false,,NONE,UNKNOWN,,,,false
EXTERN,EXTERN,LANG_ELEMENT,Deprecated,Deprecated,true,true,STMT,false,false,false,false,,NONE,UNKNOWN,,,,false
EXTSIZE,EXTSIZE,LANG_ELEMENT,New,None,true,true,STMT,false,false,false,false,,NONE,UNKNOWN,,,,false
FIELD,FIELD,LANG_ELEMENT,Deprecated,Deprecated,true,true,STMT,false,false,false,false,,NONE,UNKNOWN,,,,false
FILENUME,FILENUME,LANG_ELEMENT,Internal,None,true,true,STMT,false,false,false,false,,NONE,UNKNOWN,,,,false
FILLBOX,FILLBOX,LANG_ELEMENT,Deprecated,Deprecated,true,true,STMT,false,false,false,false,,NONE,UNKNOWN,,,,false
FOLDER,FOLDER,LANG_ELEMENT,Deprecated,Deprecated,true,true,STMT,false,false,false,false,,NONE,UNKNOWN,,,,false
FORMULA,FORMULA,LANG_ELEMENT,Deprecated,Deprecated,true,true,STMT,false,false,false,false,,NONE,UNKNOWN,,,,false
GETCHILDBYNAME,GETCHILDBYNAME,LANG_ELEMENT,Internal,None,true,true,STMT,false,false,false,false,,NONE,UNKNOWN,,,,false
GETCHILDBYTYPE,GETCHILDBYTYPE,LANG_ELEMENT,Internal,None,true,true,STMT,false,false,false,false,,NONE,UNKNOWN,,,,false
GETFIRSTCHILD,GETFIRSTCHILD,LANG_ELEMENT,Internal,None,true,true,STMT,false,false,false,false,,NONE,UNKNOWN,,,,false
GETFIRSTCHILDBYNAME,GETFIRSTCHILDBYNAME,LANG_ELEMENT,Internal,None,true,true,STMT,false,false,false,false,,NONE,UNKNOWN,,,,false
GETLASTCHILD,GETLASTCHILD,LANG_ELEMENT,Internal,None,true,true,STMT,false,false,false,false,,NONE,UNKNOWN,,,,false
GETLASTCHILDBYNAME,GETLASTCHILDBYNAME,LANG_ELEMENT,Internal,None,true,true,STMT,false,false,false,false,,NONE,UNKNOWN,,,,false
GETNBCHILD,GETNBCHILD,LANG_ELEMENT,Internal,None,true,true,STMT,false,false,false,false,,NONE,UNKNOWN,,,,false
GETNEXTCHILD,GETNEXTCHILD,LANG_ELEMENT,Internal,None,true,true,STMT,false,false,false,false,,NONE,UNKNOWN,,,,false
GETNEXTCHILDBYNAME,GETNEXTCHILDBYNAME,LANG_ELEMENT,Internal,None,true,true,STMT,false,false,false,false,,NONE,UNKNOWN,,,,false
GETPARENT,GETPARENT,LANG_ELEMENT,Internal,None,true,true,STMT,false,false,false,false,,NONE,UNKNOWN,,,,false
GETROOTELEMENT,GETROOTELEMENT,LANG_ELEMENT,Internal,None,true,true,STMT,false,false,false,false,,NONE,UNKNOWN,,,,false
GETUI,GETUI,LANG_ELEMENT,Deprecated,Deprecated,true,true,STMT,false,false,false,false,,NONE,UNKNOWN,,,,false
GRIZO,GRIZO,LANG_ELEMENT,Deprecated,Deprecated,true,true,STMT,false,false,false,false,,NONE,UNKNOWN,,,,false
HLPBOX,HLPBOX,LANG_ELEMENT,Deprecated,Deprecated,true,true,STMT,false,false,false,false,,NONE,UNKNOWN,,,,false
IMAGE,IMAGE,LANG_ELEMENT,Deprecated,Deprecated,true,true,STMT,false,false,false,false,,NONE,UNKNOWN,,,,false
INDICE,INDICE,LANG_ELEMENT,Deprecated,Deprecated,true,true,STMT,false,false,false,false,,NONE,UNKNOWN,,,,false
INFIMG,INFIMG,LANG_ELEMENT,Deprecated,Deprecated,true,true,STMT,false,false,false,false,,NONE,UNKNOWN,,,,false
INFTXT,INFTXT,LANG_ELEMENT,Deprecated,Deprecated,true,true,STMT,false,false,false,false,,NONE,UNKNOWN,,,,false
INPBOX,INPBOX,LANG_ELEMENT,Deprecated,Deprecated,true,true,STMT,false,false,false,false,,NONE,UNKNOWN,,,,false
INSLI,INSLI,LANG_ELEMENT,Deprecated,Deprecated,true,true,STMT,false,false,false,false,,NONE,UNKNOWN,,,,false
INTER,INTER,LANG_ELEMENT,Internal,None,true,true,STMT,false,false,false,false,,NONE,UNKNOWN,,,,false
INVFOL,INVFOL,LANG_ELEMENT,Deprecated,Deprecated,true,true,STMT,false,false,false,false,,NONE,UNKNOWN,,,,false
ISOMESS,ISOMESS,LANG_ELEMENT,Internal,None,true,true,STMT,false,false,false,false,,NONE,UNKNOWN,,,,false
LEFTBOX,LEFTBOX,LANG_ELEMENT,Deprecated,Deprecated,true,true,STMT,false,false,false,false,,NONE,UNKNOWN,,,,false
LISTBOX,LISTBOX,LANG_ELEMENT,Deprecated,Deprecated,true,true,STMT,false,false,false,false,,NONE,UNKNOWN,,,,false
LISTIMP,LISTIMP,LANG_ELEMENT,Deprecated,Deprecated,true,true,STMT,false,false,false,false,,NONE,UNKNOWN,,,,false
LOCFSHOST,LOCFSHOST,LANG_ELEMENT,Deprecated,Deprecated,true,true,STMT,false,false,false,false,,NONE,UNKNOWN,,,,false
LOCFSQON,LOCFSQON,LANG_ELEMENT,Deprecated,Deprecated,true,true,STMT,false,false,false,false,,NONE,UNKNOWN,,,,false
LOCFSQPORT,LOCFSQPORT,LANG_ELEMENT,Deprecated,Deprecated,true,true,STMT,false,false,false,false,,NONE,UNKNOWN,,,,false
MASK,MASK,LANG_ELEMENT,Deprecated,Deprecated,true,true,STMT,false,false,false,false,,NONE,UNKNOWN,,,,false
MAXROWS,MAXROWS,LANG_ELEMENT,Deprecated,Deprecated,true,true,STMT,false,false,false,false,,NONE,UNKNOWN,,,,false
MEN,MEN,LANG_ELEMENT,Deprecated,Deprecated,true,true,STMT,false,false,false,false,,NONE,UNKNOWN,,,,false
MENCHOIX,MENCHOIX,LANG_ELEMENT,Deprecated,Deprecated,true,true,STMT,false,false,false,false,,NONE,UNKNOWN,,,,false
MESBOX,MESBOX,LANG_ELEMENT,Deprecated,Deprecated,true,true,STMT,false,false,false,false,,NONE,UNKNOWN,,,,false
MESSNAME,MESSNAME,LANG_ELEMENT,Internal,None,true,true,STMT,false,false,false,false,,NONE,UNKNOWN,,,,false
MKSTAT,MKSTAT,LANG_ELEMENT,Deprecated,Deprecated,true,true,STMT,false,false,false,false,,NONE,UNKNOWN,,,,false
NAP,NAP,LANG_ELEMENT,Deprecated,Deprecated,true,true,STMT,false,false,false,false,,NONE,UNKNOWN,,,,false
NOINTER,NOINTER,LANG_ELEMENT,Internal,None,true,true,STMT,false,false,false,false,,NONE,UNKNOWN,,,,false
NOLIGN,NOLIGN,LANG_ELEMENT,Deprecated,Deprecated,true,true,STMT,false,false,false,false,,NONE,UNKNOWN,,,,false
NOLIGN1,NOLIGN1,LANG_ELEMENT,Deprecated,Deprecated,true,true,STMT,false,false,false,false,,NONE,UNKNOWN,,,,false
NXLDAP,NXLDAP,LANG_ELEMENT,Deprecated,Deprecated,true,true,STMT,false,false,false,false,,NONE,UNKNOWN,,,,false
NXT,NXT,LANG_ELEMENT,Deprecated,Deprecated,true,true,STMT,false,false,false,false,,NONE,UNKNOWN,,,,false
ONEVENT,ONEVENT,LANG_ELEMENT,Deprecated,Deprecated,true,true,STMT,false,false,false,false,,NONE,UNKNOWN,,,,false
ONINTGO,ONINTGO,LANG_ELEMENT,Internal,None,true,true,STMT,false,false,false,false,,NONE,UNKNOWN,,,,false
ONKEY,ONKEY,LANG_ELEMENT,Deprecated,Deprecated,true,true,STMT,false,false,false,false,,NONE,UNKNOWN,,,,false
OPADXD,OPADXD,LANG_ELEMENT,Internal,None,true,true,STMT,false,false,false,false,,NONE,UNKNOWN,,,,false
OPLDAP,OPLDAP,LANG_ELEMENT,Internal,None,true,true,STMT,false,false,false,false,,NONE,UNKNOWN,,,,false
OPSOCK,OPSOCK,LANG_ELEMENT,Internal,None,true,true,STMT,false,false,false,false,,NONE,UNKNOWN,,,,false
ORDER BY,ORDER BY,LANG_ELEMENT,Public,None,true,true,STMT,false,false,false,false,,NONE,UNKNOWN,,,,false
PASSWORD,PASSWORD,LANG_ELEMENT,Deprecated,Deprecated,true,true,STMT,false,false,false,false,,NONE,UNKNOWN,,,,false
PCOLOR,PCOLOR,LANG_ELEMENT,Deprecated,Deprecated,true,true,STMT,false,false,false,false,,NONE,UNKNOWN,,,,false
PICK,PICK,LANG_ELEMENT,Deprecated,Deprecated,true,true,STMT,false,false,false,false,,NONE,UNKNOWN,,,,false
PICKBOX,PICKBOX,LANG_ELEMENT,Deprecated,Deprecated,true,true,STMT,false,false,false,false,,NONE,UNKNOWN,,,,false
PIKLTB,PIKLTB,LANG_ELEMENT,Deprecated,Deprecated,true,true,STMT,false,false,false,false,,NONE,UNKNOWN,,,,false
PMT,PMT,LANG_ELEMENT,DeprecatedClassic,Classic,true,true,STMT,false,false,false,false,,NONE,UNKNOWN,,,,false
POKLTB,POKLTB,LANG_ELEMENT,Deprecated,Deprecated,true,true,STMT,false,false,false,false,,NONE,UNKNOWN,,,,false
QSTBOX,QSTBOX,LANG_ELEMENT,Deprecated,Deprecated,true,true,STMT,false,false,false,false,,NONE,UNKNOWN,,,,false
REB,REB,LANG_ELEMENT,Deprecated,Deprecated,true,true,STMT,false,false,false,false,,NONE,UNKNOWN,,,,false
REPORT,REPORT,LANG_ELEMENT,Internal,None,true,true,STMT,false,false,false,false,,NONE,UNKNOWN,,,,false
RPTFILE,RPTFILE,LANG_ELEMENT,Internal,None,true,true,STMT,false,false,false,false,,NONE,UNKNOWN,,,,false
RPTSTAT,RPTSTAT,LANG_ELEMENT,Internal,None,true,true,STMT,false,false,false,false,,NONE,UNKNOWN,,,,false
RUN,RUN,LANG_ELEMENT,Internal,None,true,true,STMT,false,false,false,false,,NONE,UNKNOWN,,,,false
SAIZO,SAIZO,LANG_ELEMENT,Deprecated,Deprecated,true,true,STMT,false,false,false,false,,NONE,UNKNOWN,,,,false
SAXPARSE,SAXPARSE,LANG_ELEMENT,Internal,None,true,true,STMT,false,false,false,false,,NONE,UNKNOWN,,,,false
SECMOD,SECMOD,LANG_ELEMENT,Deprecated,Deprecated,true,true,STMT,false,false,false,false,,NONE,UNKNOWN,,,,false
SELDEST,SELDEST,LANG_ELEMENT,DeprecatedClassic,Classic,true,true,STMT,false,false,false,false,,NONE,UNKNOWN,,,,false
SELIMP,SELIMP,LANG_ELEMENT,Deprecated,Deprecated,true,true,STMT,false,false,false,false,,NONE,UNKNOWN,,,,false
SEND,SEND,LANG_ELEMENT,DeprecatedClassic,Classic,true,true,STMT,false,false,false,false,,NONE,UNKNOWN,,,,false
SETCOD,SETCOD,LANG_ELEMENT,Deprecated,Deprecated,true,true,STMT,false,false,false,false,,NONE,UNKNOWN,,,,false
SETFCT,SETFCT,LANG_ELEMENT,Internal,None,true,true,STMT,false,false,false,false,,NONE,UNKNOWN,,,,false
SETGUS,SETGUS,LANG_ELEMENT,Internal,None,true,true,STMT,false,false,false,false,,NONE,UNKNOWN,,,,false
SETLBOX,SETLBOX,LANG_ELEMENT,Deprecated,Deprecated,true,true,STMT,false,false,false,false,,NONE,UNKNOWN,,,,false
SETMDU,SETMDU,LANG_ELEMENT,Internal,None,true,true,STMT,false,false,false,false,,NONE,UNKNOWN,,,,false
SETMODE,SETMODE,LANG_ELEMENT,Deprecated,Deprecated,true,true,STMT,false,false,false,false,,NONE,UNKNOWN,,,,false
SETMOK,SETMOK,LANG_ELEMENT,Deprecated,Deprecated,true,true,STMT,false,false,false,false,,NONE,UNKNOWN,,,,false
SIZED,SIZED,LANG_ELEMENT,Deprecated,Deprecated,true,true,STMT,false,false,false,false,,NONE,UNKNOWN,,,,false
SRLDAPBS,SRLDAPBS,LANG_ELEMENT,Deprecated,Deprecated,true,true,STMT,false,false,false,false,,NONE,UNKNOWN,,,,false
SRLDAPLV,SRLDAPLV,LANG_ELEMENT,Deprecated,Deprecated,true,true,STMT,false,false,false,false,,NONE,UNKNOWN,,,,false
SRLDAPTR,SRLDAPTR,LANG_ELEMENT,Deprecated,Deprecated,true,true,STMT,false,false,false,false,,NONE,UNKNOWN,,,,false
SSL,SSL,LANG_ELEMENT,Deprecated,Deprecated,true,true,STMT,false,false,false,false,,NONE,UNKNOWN,,,,false
STARTING,STARTING,LANG_ELEMENT,Deprecated,Deprecated,true,true,STMT,false,false,false,false,,NONE,UNKNOWN,,,,false
STATUS,STATUS,LANG_ELEMENT,Deprecated,Deprecated,true,true,STMT,false,false,false,false,,NONE,UNKNOWN,,,,false
SUPLI,SUPLI,LANG_ELEMENT,Deprecated,Deprecated,true,true,STMT,false,false,false,false,,NONE,UNKNOWN,,,,false
SYRRECV,SYRRECV,LANG_ELEMENT,Internal,None,true,true,STMT,false,false,false,false,,NONE,UNKNOWN,,,,false
SYRSEND,SYRSEND,LANG_ELEMENT,Internal,None,true,true,STMT,false,false,false,false,,NONE,UNKNOWN,,,,false
SYSSNAPSHOT,SYSSNAPSHOT,LANG_ELEMENT,Internal,None,true,true,STMT,false,false,false,false,,NONE,UNKNOWN,,,,false
SYSSNAPSHOTENABLED,SYSSNAPSHOTENABLED,LANG_ELEMENT,Internal,None,true,true,STMT,false,false,false,false,,NONE,UNKNOWN,,,,false
THROWERR,THROWERR,LANG_ELEMENT,Deprecated,Deprecated,true,true,STMT,false,false,false,false,,NONE,UNKNOWN,,,,false
TIMEVAL,TIMEVAL,LANG_ELEMENT,Deprecated,Deprecated,true,true,STMT,false,false,false,false,,NONE,UNKNOWN,,,,false
TITCOL,TITCOL,LANG_ELEMENT,Deprecated,Deprecated,true,true,STMT,false,false,false,false,,NONE,UNKNOWN,,,,false
TITLED,TITLED,LANG_ELEMENT,Deprecated,Deprecated,true,true,STMT,false,false,false,false,,NONE,UNKNOWN,,,,false
TITRE,TITRE,LANG_ELEMENT,Deprecated,Deprecated,true,true,STMT,false,false,false,false,,NONE,UNKNOWN,,,,false
TRANSMASK,TRANSMASK,LANG_ELEMENT,Deprecated,Deprecated,true,true,STMT,false,false,false,false,,NONE,UNKNOWN,,,,false
TREEBOX,TREEBOX,LANG_ELEMENT,Deprecated,Deprecated,true,true,STMT,false,false,false,false,,NONE,UNKNOWN,,,,false
VBCALL,VBCALL,LANG_ELEMENT,Deprecated,Deprecated,true,true,STMT,false,false,false,false,,NONE,UNKNOWN,,,,false
ZC,ZC,LANG_ELEMENT,Deprecated,Deprecated,true,true,STMT,false,false,false,false,,NONE,UNKNOWN,,,,false
ZONCOU,ZONCOU,LANG_ELEMENT,Deprecated,Deprecated,true,true,STMT,false,false,false,false,,NONE,UNKNOWN,,,,false
ZONSOR,ZONSOR,LANG_ELEMENT,Deprecated,Deprecated,true,true,STMT,false,false,false,false,,NONE,UNKNOWN,,,,false
ZONSUI,ZONSUI,LANG_ELEMENT,Deprecated,Deprecated,true,true,STMT,false,false,false,false,,NONE,UNKNOWN,,,,false
ADXCPW,ADXCPW,SYSVAR,Internal,None,true,true,STMT,false,false,false,false,,SYSTEM,UNKNOWN,,,,false
ADXCTX,ADXCTX,SYSVAR,Internal,None,true,true,STMT,false,false,false,false,,SYSTEM,UNKNOWN,,,,false
ADXCUS,ADXCUS,SYSVAR,Internal,None,true,true,STMT,false,false,false,false,,SYSTEM,UNKNOWN,,,,false
ADXDBC,ADXDBC,SYSVAR,Internal,None,true,true,STMT,false,false,false,false,,SYSTEM,UNKNOWN,,,,false
ADXDBO,ADXDBO,SYSVAR,Internal,None,true,true,STMT,false,false,false,false,,SYSTEM,UNKNOWN,,,,false
ADXDBX,ADXDBX,SYSVAR,Internal,None,true,true,STMT,false,false,false,false,,SYSTEM,UNKNOWN,,,,false
ADXDCS,ADXDCS,SYSVAR,Public,None,true,true,STMT,false,false,false,false,,SYSTEM,UNKNOWN,,,,true
ADXDIR,ADXDIR,SYSVAR,Public,None,true,true,STMT,false,false,false,false,,SYSTEM,UNKNOWN,,,,true
ADXDLREC,ADXDLREC,SYSVAR,Public,None,true,true,STMT,false,false,false,false,,SYSTEM,UNKNOWN,,,,true
ADXDPG,ADXDPG,SYSVAR,Internal,None,true,true,STMT,false,false,false,false,,SYSTEM,UNKNOWN,,,,false
ADXFMT,ADXFMT,SYSVAR,Internal,None,true,true,STMT,false,false,false,false,,SYSTEM,UNKNOWN,,,,false
ADXFNAME,ADXFNAME,SYSVAR,Public,None,true,true,STMT,false,false,false,false,,SYSTEM,UNKNOWN,,,,true
ADXFTL,ADXFTL,SYSVAR,Public,None,true,true,STMT,false,false,false,false,,SYSTEM,UNKNOWN,,,,true
ADXGTB,ADXGTB,SYSVAR,Deprecated,Deprecated,true,true,STMT,false,false,false,false,,SYSTEM,UNKNOWN,,,,false
ADXIFS,ADXIFS,SYSVAR,Public,None,true,true,STMT,false,false,false,false,,SYSTEM,UNKNOWN,,,,true
ADXIRS,ADXIRS,SYSVAR,Public,None,true,true,STMT,false,false,false,false,,SYSTEM,UNKNOWN,,,,true
ADXIUM,ADXIUM,SYSVAR,Public,None,true,true,STMT,false,false,false,false,,SYSTEM,UNKNOWN,,,,true
ADXKPG,ADXKPG,SYSVAR,Deprecated,Deprecated,true,true,STMT,false,false,false,false,,SYSTEM,UNKNOWN,,,,false
ADXKSP,ADXKSP,SYSVAR,Deprecated,Deprecated,true,true,STMT,false,false,false,false,,SYSTEM,UNKNOWN,,,,false
ADXLIG,ADXLIG,SYSVAR,Deprecated,Deprecated,true,true,STMT,false,false,false,false,,SYSTEM,UNKNOWN,,,,false
ADXLOG,ADXLOG,SYSVAR,Public,None,true,true,STMT,false,false,false,false,,SYSTEM,UNKNOWN,,,,true
ADXMBM,ADXMBM,SYSVAR,Internal,None,true,true,STMT,false,false,false,false,,SYSTEM,UNKNOWN,,,,false
ADXMDA,ADXMDA,SYSVAR,Public,None,true,true,STMT,false,false,false,false,,SYSTEM,UNKNOWN,,,,true
ADXMOTHER,ADXMOTHER,SYSVAR,Public,None,true,true,STMT,false,false,false,false,,SYSTEM,UNKNOWN,,,,true
ADXMPGPRO,ADXMPGPRO,SYSVAR,Deprecated,Deprecated,true,true,STMT,false,false,false,false,,SYSTEM,UNKNOWN,,,,false
ADXMPGTRT,ADXMPGTRT,SYSVAR,Deprecated,Deprecated,true,true,STMT,false,false,false,false,,SYSTEM,UNKNOWN,,,,false
ADXMPR,ADXMPR,SYSVAR,Internal,None,true,true,STMT,false,false,false,false,,SYSTEM,UNKNOWN,,,,false
ADXMSO,ADXMSO,SYSVAR,Internal,None,true,true,STMT,false,false,false,false,,SYSTEM,UNKNOWN,,,,true
ADXMTO,ADXMTO,SYSVAR,Internal,None,true,true,STMT,false,false,false,false,,SYSTEM,UNKNOWN,,,,true
ADXMUA,ADXMUA,SYSVAR,Deprecated,Deprecated,true,true,STMT,false,false,false,false,,SYSTEM,UNKNOWN,,,,false
ADXMXL,ADXMXL,SYSVAR,Deprecated,Deprecated,true,true,STMT,false,false,false,false,,SYSTEM,UNKNOWN,,,,false
ADXOVF,ADXOVF,SYSVAR,Internal,None,true,true,STMT,false,false,false,false,,SYSTEM,UNKNOWN,,,,false
ADXOVS,ADXOVS,SYSVAR,Internal,None,true,true,STMT,false,false,false,false,,SYSTEM,UNKNOWN,,,,false
ADXROB,ADXROB,SYSVAR,Deprecated,Deprecated,true,true,STMT,false,false,false,false,,SYSTEM,UNKNOWN,,,,false
ADXSAX,ADXSAX,SYSVAR,Internal,None,true,true,STMT,false,false,false,false,,SYSTEM,UNKNOWN,,,,false
ADXSCA,ADXSCA,SYSVAR,Internal,None,true,true,STMT,false,false,false,false,,SYSTEM,UNKNOWN,,,,true
ADXSES,ADXSES,SYSVAR,Internal,None,true,true,STMT,false,false,false,false,,SYSTEM,UNKNOWN,,,,false
ADXSQLREC,ADXSQLREC,SYSVAR,Public,None,true,true,STMT,false,false,false,false,,SYSTEM,UNKNOWN,,,,true
ADXTCT,ADXTCT,SYSVAR,Public,None,true,true,STMT,false,false,false,false,,SYSTEM,UNKNOWN,,,,true
ADXTLK,ADXTLK,SYSVAR,Public,None,true,true,STMT,false,false,false,false,,NETWORK,YES,,,,true
ADXTMS,ADXTMS,SYSVAR,Public,None,true,true,STMT,false,false,false,false,,SYSTEM,UNKNOWN,,,,true
ADXTRL,ADXTRL,SYSVAR,Internal,None,true,true,STMT,false,false,false,false,,SYSTEM,UNKNOWN,,,,false
ADXTRO,ADXTRO,SYSVAR,Internal,None,true,true,STMT,false,false,false,false,,SYSTEM,UNKNOWN,,,,false
ADXTRP,ADXTRP,SYSVAR,Internal,None,true,true,STMT,false,false,false,false,,SYSTEM,UNKNOWN,,,,false
ADXTUC,ADXTUC,SYSVAR,Internal,None,true,true,STMT,false,false,false,false,,SYSTEM,UNKNOWN,,,,true
ADXTUL,ADXTUL,SYSVAR,Internal,None,true,true,STMT,false,false,false,false,,SYSTEM,UNKNOWN,,,,true
ADXTUT,ADXTUT,SYSVAR,Internal,None,true,true,STMT,false,false,false,false,,SYSTEM,UNKNOWN,,,,true
ADXUPREC,ADXUPREC,SYSVAR,Public,None,true,true,STMT,false,false,false,false,,SYSTEM,UNKNOWN,,,,true
ADXUSR,ADXUSR,SYSVAR,Internal,None,true,true,STMT,false,false,false,false,,SYSTEM,UNKNOWN,,,,false
ADXWRB,ADXWRB,SYSVAR,Public,None,true,true,STMT,false,false,false,false,,SYSTEM,UNKNOWN,,,,true
